INSERT INTO course(id, created_date, name, cost) VALUES(3 , 1563212131, 'JAVA', 1000);
INSERT INTO course(id, created_date, name, cost) VALUES(4 , 1563214131, 'PHP', 900);
INSERT INTO course(id, created_date, name, cost) VALUES(5 , 1563217131, 'SQL', 600);

INSERT INTO section(id, created_date, name, course_id) VALUES(1 , 1563212131, 'aaa', 1);
INSERT INTO section(id, created_date, name, course_id) VALUES(2 , 1563212131, 'bbb', 1);
INSERT INTO section(id, created_date, name, course_id) VALUES(3 , 1563212131, 'ccc', 1);

INSERT INTO section(id, created_date, name, course_id) VALUES(4 , 1563212131, 'ddd', 2);
INSERT INTO section(id, created_date, name, course_id) VALUES(5 , 1563212131, 'eee', 2);
INSERT INTO section(id, created_date, name, course_id) VALUES(6 , 1563212131, 'fff', 2);

INSERT INTO section(id, created_date, name, course_id) VALUES(7 , 1563212131, 'ggg', 3);
INSERT INTO section(id, created_date, name, course_id) VALUES(8 , 1563212131, 'hhh', 3);
INSERT INTO section(id, created_date, name, course_id) VALUES(9 , 1563212131, 'iii', 3);


INSERT INTO lesson(id, created_date, name, content, section_id) VALUES (1,1563212131, 'aaa first', 'introduction aaa', 1);
INSERT INTO lesson(id, created_date, name, content, section_id) VALUES (2,1563212131, 'aaa second', 'general aaa', 1);
INSERT INTO lesson(id, created_date, name, content, section_id) VALUES (3,1563212131, 'aaa third', 'finish aaa', 1);

INSERT INTO lesson(id, created_date, name, content, section_id) VALUES (4,1563212131, 'bbb first', 'introduction bbb', 2);
INSERT INTO lesson(id, created_date, name, content, section_id) VALUES (5,1563212131, 'bbb second', 'general bbb', 2);
INSERT INTO lesson(id, created_date, name, content, section_id) VALUES (6,1563212131, 'bbb third', 'finish bbb', 2);


INSERT INTO lesson(id, created_date, name, content, section_id) VALUES (7,1563212131, 'ccc first', 'introduction ccc', 3);
INSERT INTO lesson(id, created_date, name, content, section_id) VALUES (8,1563212131, 'ccc second', 'general ccc', 3);
INSERT INTO lesson(id, created_date, name, content, section_id) VALUES (9,1563212131, 'ccc third', 'finish ccc', 3);

INSERT INTO lesson(id, created_date, name, content, section_id) VALUES (10,1563212131, 'ddd first', 'introduction ddd', 4);
INSERT INTO lesson(id, created_date, name, content, section_id) VALUES (11,1563212131, 'ddd second', 'general ddd', 4);
INSERT INTO lesson(id, created_date, name, content, section_id) VALUES (12,1563212131, 'ddd third', 'finish ddd', 4);

INSERT INTO lesson(id, created_date, name, content, section_id) VALUES (13,1563212131, 'eee first', 'introduction eee', 5);
INSERT INTO lesson(id, created_date, name, content, section_id) VALUES (14,1563212131, 'eee second', 'general eee', 5);
INSERT INTO lesson(id, created_date, name, content, section_id) VALUES (15,1563212131, 'eee third', 'finish eee', 5);

INSERT INTO lesson(id, created_date, name, content, section_id) VALUES (16,1563212131, 'fff first', 'introduction fff', 6);
INSERT INTO lesson(id, created_date, name, content, section_id) VALUES (17,1563212131, 'fff second', 'general fff', 6);
INSERT INTO lesson(id, created_date, name, content, section_id) VALUES (18,1563212131, 'fff third', 'finish fff', 6);

INSERT INTO lesson(id, created_date, name, content, section_id) VALUES (19,1563212131, 'ggg first', 'introduction ggg', 7);
INSERT INTO lesson(id, created_date, name, content, section_id) VALUES (20,1563212131, 'ggg second', 'general ggg', 7);
INSERT INTO lesson(id, created_date, name, content, section_id) VALUES (21,1563212131, 'ggg third', 'finish ggg', 7);

INSERT INTO lesson(id, created_date, name, content, section_id) VALUES (22,1563212131, 'hhh first', 'introduction hhh', 8);
INSERT INTO lesson(id, created_date, name, content, section_id) VALUES (23,1563212131, 'hhh second', 'general hhh', 8);
INSERT INTO lesson(id, created_date, name, content, section_id) VALUES (24,1563212131, 'hhh third', 'finish hhh', 8);

INSERT INTO lesson(id, created_date, name, content, section_id) VALUES (25,1563212131, 'iii first', 'introduction iii', 9);
INSERT INTO lesson(id, created_date, name, content, section_id) VALUES (26,1563212131, 'iii second', 'general iii', 9);
INSERT INTO lesson(id, created_date, name, content, section_id) VALUES (27,1563212131, 'iii third', 'finish iii', 9);
